model,MAE,RMSE,MASE,Bias
seasonal_naive,2.3185205853174606,3.006760811959995,1.7323861105302614,1.7317507058913308
mean,3.788833121924255,4.39729969422285,2.8309957293908856,0.48100564606537205
naive,3.7832029342185596,4.45910854649494,2.8267888834207473,-0.8824799488705728
drift,4.339890674447435,5.117957264105129,3.2427429686172493,1.0068021780426912
