model,MAE,RMSE,MASE,Bias
lstm_weekly,0.5103491640306366,0.5265683106641017,0.22011845280241824,0.5103491640306366
