model,MAE,RMSE,MASE,Bias
sarimax,2.904792781525459,3.6612383544234817,2.170445542105997,2.613576319598882
