order,seasonal_order,aic,bic,log_likelihood
"(0, 2, 3)","(0, 1, 1, 52)",314.6124912894712,326.9420318827441,-152.3062456447356
