model,MAE,RMSE,MASE,Bias
sarima,3.001126346575357,3.68018311376406,2.2424254637539454,2.7139491859899936
